-22,-3,h+sRmxp+HkEB6Jwef8BIMRFXDYo=,smqbvGAVJ0Od/Lj0P/dX/Udw4XA=
-21,-3,h+sRmxp+HkEB6Jwef8BIMRFXDYo=,kl2p68nhq7Gr9tJMNaQAMNFp7J4=
-20,-3,h+sRmxp+HkEB6Jwef8BIMRFXDYo=,okXDp4CRNhmFtjYSPVgrFQO2hEk=
-19,-3,h+sRmxp+HkEB6Jwef8BIMRFXDYo=,siQTRnmN7UK9QFhc/HQncUR4NLg=
-18,-3,h+sRmxp+HkEB6Jwef8BIMRFXDYo=,siQTRnmN7UK9QFhc/HQncUR4NLg=
-3,-3,h+sRmxp+HkEB6Jwef8BIMRFXDYo=,dG1vJvybbI5kClMXAslRvzpwNmU=
-2,-3,h+sRmxp+HkEB6Jwef8BIMRFXDYo=,dG1vJvybbI5kClMXAslRvzpwNmU=
-1,-3,h+sRmxp+HkEB6Jwef8BIMRFXDYo=,dG1vJvybbI5kClMXAslRvzpwNmU=
-22,-2,h+sRmxp+HkEB6Jwef8BIMRFXDYo=,mUKPAGrhHoLfPpVIGAa7E+eS0sE=
-21,-2,h+sRmxp+HkEB6Jwef8BIMRFXDYo=,sSOdHqEwHZkVOt+5z4DlguIwnWg=
-20,-2,h+sRmxp+HkEB6Jwef8BIMRFXDYo=,4wFP/EMKGnmDRhk931XInEA1sDE=
-19,-2,h+sRmxp+HkEB6Jwef8BIMRFXDYo=,siQTRnmN7UK9QFhc/HQncUR4NLg=
-18,-2,h+sRmxp+HkEB6Jwef8BIMRFXDYo=,siQTRnmN7UK9QFhc/HQncUR4NLg=
-3,-2,h+sRmxp+HkEB6Jwef8BIMRFXDYo=,dG1vJvybbI5kClMXAslRvzpwNmU=
-2,-2,h+sRmxp+HkEB6Jwef8BIMRFXDYo=,dG1vJvybbI5kClMXAslRvzpwNmU=
-1,-2,h+sRmxp+HkEB6Jwef8BIMRFXDYo=,dG1vJvybbI5kClMXAslRvzpwNmU=
-22,-1,h+sRmxp+HkEB6Jwef8BIMRFXDYo=,siQTRnmN7UK9QFhc/HQncUR4NLg=
-21,-1,h+sRmxp+HkEB6Jwef8BIMRFXDYo=,jmlCbKhGZzMJfsOW6eUEzOnfu0U=
-20,-1,h+sRmxp+HkEB6Jwef8BIMRFXDYo=,tng9rjpNDoxAW4u4HI8hzVdp5wo=
-19,-1,h+sRmxp+HkEB6Jwef8BIMRFXDYo=,siQTRnmN7UK9QFhc/HQncUR4NLg=
-3,-1,h+sRmxp+HkEB6Jwef8BIMRFXDYo=,dG1vJvybbI5kClMXAslRvzpwNmU=
-2,-1,h+sRmxp+HkEB6Jwef8BIMRFXDYo=,dG1vJvybbI5kClMXAslRvzpwNmU=
-1,-1,h+sRmxp+HkEB6Jwef8BIMRFXDYo=,dG1vJvybbI5kClMXAslRvzpwNmU=
